run_id,experiment_id,phase,architecture,energy_kwh,co2_kg,elapsed_seconds,value_precision
legacy-8406d945ed4d6542764f,01_sd21_baseline_50steps,generator_training,,0.0007445079798429653,0.0002462221900777058,25.53880143800052,measured
legacy-2f519af919f75d1ef787,01_sd21_baseline_50steps,generator_training,,0.0007381361958841824,0.00024411492643042502,25.508228218001022,measured
legacy-308db232c29964a3efd5,01_sd21_baseline_50steps,generator_training,,0.0007319575019440759,0.0002420715211279409,24.542245530999935,measured
legacy-4bb59660ccc8ceeff4a5,01_sd21_baseline_50steps,generator_training,,0.2289824282420748,0.0757286107033625,4239.537873316,measured
legacy-69c334a6f871e9b73e3e,01_sd21_baseline_50steps,generator_training,,0.0007521669232884401,0.0002487551405361064,25.348097081000105,measured
legacy-766c7b54c95e7b0ee588,01_sd21_baseline_50steps,generator_training,,0.0007227751460275294,0.0002390347507439325,24.64010874199994,measured
legacy-a3cfb8ec653cdaab37b9,01_sd21_baseline_50steps,generator_training,,0.0007038719450977849,0.00023278312193884923,24.7919015260004,measured
legacy-435664b8022cb4ff8366,01_sd21_baseline_50steps,generator_training,,0.00398275369536557,0.0013171683366239107,68.38420503900852,measured
legacy-2bef8cd00c3b95a24412,01_sd21_baseline_50steps,generator_training,,0.000893853175728151,0.00029561333457046266,33.38116156900014,measured
legacy-e91246ad5d1b49c79948,01_sd21_baseline_50steps,generator_training,,0.000749159153464573,0.0002477604169154967,25.616290501000094,measured
legacy-07315bfe215e961aed72,01_sd21_baseline_50steps,generator_training,,0.0007037975125653997,0.00023275850576060384,28.461434683000334,measured
legacy-2da5212160d6cd73bcd2,01_sd21_baseline_50steps,generator_training,,0.0009675602107050244,0.00025894039870930004,40.53310641600001,measured
legacy-4fbb59f9977d03f4c610,01_sd21_baseline_50steps,generator_training,,0.0006887647780779155,0.00018432860743876792,23.79955709299975,measured
legacy-ca044e1be43c7a647393,01_sd21_baseline_50steps,generator_training,,0.0010781690784798835,0.000256161113186957,42.76157187199988,measured
legacy-bc93bcd0c69b9bc14adc,01_sd21_baseline_50steps,generator_training,,0.0010433351176043465,0.00024788494725649907,40.901629160000084,measured
legacy-124989002f291df2ad81,01_sd21_baseline_50steps,generator_training,,0.0012677382053376002,0.0004192638437928405,47.63269194699933,measured
legacy-bc0c4734776d610f01d9,01_sd21_baseline_50steps,generator_training,,0.0009522056860594216,0.0003149115600821998,33.2763659329994,measured
legacy-5ca75ee7ed15f162dc46,01_sd21_baseline_50steps,generator_training,,0.0007836290949289135,0.0002591602470167004,32.12757655999849,measured
legacy-925304a31b54315da463,01_sd21_baseline_50steps,generator_training,,0.00084814506639991,0.00028049684006964544,31.7425328850004,measured
legacy-9e26dde6cb77b02e9ac4,01_sd21_baseline_50steps,generator_training,,0.18700049032818977,0.06184442816035827,3462.601372395995,measured
legacy-94932421b31894db5635,01_sd21_baseline_50steps,generator_training,,0.001082511835080648,0.0003580061490742018,44.252557305000664,measured
legacy-aa45e893fdc350a03562,01_sd21_baseline_50steps,generator_training,,0.0008202992818954924,0.0002712877379099135,29.860386934997223,measured
legacy-2b05929ed4ed82e1a098,01_sd21_baseline_50steps,generation,,2.76942861935886e-05,9.158998941371234e-06,0.009140593007032294,measured
legacy-4f39438e41ce3f18b0f0,01_sd21_baseline_50steps,generation,,2.6386896413968263e-05,6.269236332098305e-06,0.0032961339993562433,measured
legacy-4dc3743b36370ce452fa,01_sd21_baseline_50steps,generation,,2.593985354366272e-05,6.163023863585282e-06,0.003918110000086017,measured
legacy-e8dcce8342a2094d2a53,01_sd21_baseline_50steps,generation,,2.869396421431091e-05,9.489610457028475e-06,0.006186102999890863,measured
legacy-ff95fc08eb9912a5a281,01_sd21_baseline_50steps,generation,,2.811663629530894e-05,9.298677722311982e-06,0.006418852000024344,measured
legacy-0793e32296f51337424a,01_sd21_baseline_50steps,generation,,2.7980201865135955e-05,9.253556400434033e-06,0.0062230389994510915,measured
legacy-73f00d95749a77715ae8,01_sd21_baseline_50steps,generation,,0.009045207859122068,0.002991413052753132,153.15909998200004,measured
legacy-83b44adc63b8a832424c,01_sd21_baseline_50steps,generation,,0.00019872949782075521,7.824685871777158e-07,2.476083514993661,measured
legacy-3e22a60ee4ad76e95714,01_sd21_baseline_50steps,generation,,2.8692580410473493e-05,9.489152808190973e-06,0.002010559000154899,measured
legacy-556f1d99811b896af3ed,01_sd21_baseline_50steps,generation,,0.18912114274997047,0.0506129784650326,3199.7841548260003,measured
legacy-bd4cee3a6082d079a1a0,01_sd21_baseline_50steps,generation,,2.2738376960081224e-05,6.085289918810858e-06,0.0032089070009533316,measured
legacy-aa3b195e159c3bf05603,01_sd21_baseline_50steps,validation,,0.0021785717691968263,0.000720492898365236,80.49878534900017,measured
legacy-2d1396b53d5eae2023b1,01_sd21_baseline_50steps,validation,,0.0069342988310420895,0.002293297440804578,130.0284368309949,measured
legacy-43ea199a39e677447e06,01_sd21_baseline_50steps,validation,,0.002268558269881108,0.0007502530538985402,83.52790803100015,measured
legacy-f99b36132de84dc5ea18,01_sd21_baseline_50steps,validation,,0.00222521841480864,0.0005955174026079179,85.4163615489997,measured
legacy-db144ac7ba45f9408b35,01_sd21_baseline_50steps,validation,,0.002437637818653489,0.0008061707041094446,86.16696656500062,measured
legacy-b0c1e37cab2c7b22a47f,02_sd21_filtered_100steps,filtering,,0.43770382170480787,0.14475653250657067,4374.610987563003,measured
legacy-3c46b9328c570561a1d0,02_sd21_filtered_100steps,filtering,,0.25100073898959174,0.0830104623971598,2543.5768183129985,measured
legacy-8948b343553d4d75cd21,02_sd21_filtered_100steps,filtering,,0.07807933335840837,0.0258222409696261,1300.1944775320007,measured
legacy-68c6b19760eb3150cbfd,02_sd21_filtered_100steps,filtering,,1.2364282152565014,0.40890906649319964,12693.719255551998,measured
legacy-1e83ea4f26ee269e1767,02_sd21_filtered_100steps,filtering,,0.0024125982751874555,0.000797889676373445,88.5677539290009,measured
legacy-4073103c031b451954f7,02_sd21_filtered_100steps,filtering,,0.0023682591810918895,0.0007832259398523476,86.39863372000036,measured
legacy-30df4be7c964a70285ef,03_sd21_vae_finetuned,generator_training,,1.513599525072213,0.5005746077328321,22175.025063562003,measured
legacy-3606a8867401944de0cc,03_sd21_vae_finetuned,generator_training,,0.0008404828006410288,0.00027796279086239974,31.12981285200658,measured
legacy-2b83390e13606a484c4f,03_sd21_vae_finetuned,generator_training,,0.0008523972665833523,0.0002819031192099131,30.924528627001564,measured
legacy-4437f03957abc69d58b5,03_sd21_vae_finetuned,generation,,0.2701319441963215,0.08933749632071906,21230.34260748,measured
legacy-c5a69da0f605e14a9044,03_sd21_vae_finetuned,generation,,0.2637873560514593,0.08723922681862652,21253.769038234,measured
legacy-d2a96e6d38c2a17bfa2d,03_sd21_vae_finetuned,generation,,2.9770795788536983e-05,9.845738041593375e-06,0.005770588002633303,measured
legacy-6a6f76c8ab76e6ded105,03_sd21_vae_finetuned,generation,,3.0131737308867684e-05,9.965107899314102e-06,0.006063155000447296,measured
legacy-d02e23e2c125249fb58e,03_sd21_vae_finetuned,generator_training,,2.142268654131872,0.7084868047571844,32798.272070057996,measured
legacy-10eebfc85603805e9921,03_sd21_vae_finetuned,validation,,0.1905311884253397,0.06301209357365149,15029.403264247,measured
legacy-757cf5fbcb97db01ee84,03_sd21_vae_finetuned,validation,,0.186065692787085,0.061535273787159186,15053.370396311,measured
legacy-7744c7fa72334ef95071,03_sd21_vae_finetuned,validation,,0.002514333922060407,0.0008315354860359736,176.74040997500197,measured
legacy-cbe7b380ad513a50bf9d,03_sd21_vae_finetuned,validation,,0.0025060377073182287,0.00082879177848887,175.37255278799785,measured
legacy-d468e792d109c98c1b10,04_sd21_lora,generator_training,,0.00043505269374048374,0.0001438797567684653,29.211224192999907,measured
legacy-917aea22d02e288aab34,04_sd21_lora,generator_training,,0.0005006707192494178,0.00016558081892872894,34.877071967999996,measured
legacy-f9a7f241170cdd82da0f,04_sd21_lora,generator_training,,0.002154525801594919,0.0007125404640518684,46.32904653600053,measured
legacy-ba2f24e211344dc1bf13,04_sd21_lora,generator_training,,0.0019512841493540686,0.0006453247913060789,43.80022199099767,measured
legacy-45bc820de77658878190,04_sd21_lora,generator_training,,0.002346173604728477,0.0007759218422085924,45.322928543999296,measured
legacy-5fec558c7838d4cd5fff,04_sd21_lora,generator_training,,0.001707817213441659,0.0005648058931949986,36.23025716699999,measured
legacy-2fbbc3cc39a42bea207d,04_sd21_lora,generator_training,,0.0013193050473852962,0.0004363179266611704,29.724569161000545,measured
legacy-434e2410902917d1dc06,04_sd21_lora,generator_training,,0.2086994372719019,0.06902066049568886,17701.206480114,measured
legacy-250c2a11e5a6258ccbda,04_sd21_lora,generator_training,,0.0004690019603425694,0.00015510739032057388,36.668518852999114,measured
legacy-1c9383a857ea4654a0f7,04_sd21_lora,generator_training,,0.0005434118492700351,0.00017971607996688748,43.880976398,measured
legacy-3689350196f639609cb0,04_sd21_lora,generator_training,,0.0004195584065476456,0.00013875551709662426,28.27303122400008,measured
legacy-ee6d1a98501854c56d35,04_sd21_lora,generator_training,,0.00048430203457448893,0.00016016740027040584,37.82510873800038,measured
legacy-6e01da8ded13fef9d2cf,04_sd21_lora,generator_training,,0.0007668192187828875,0.000253600918397439,43.37695891200201,measured
legacy-322f2592d20728217bd6,04_sd21_lora,generator_training,,0.0006870402373530697,0.0002272165732169325,35.348077178001404,measured
legacy-ce157013af023ce1909a,04_sd21_lora,generator_training,,0.0005786414875842029,0.00019136715549087241,45.98869461899994,measured
legacy-788ddb4c0d155c19a28b,04_sd21_lora,generation,,0.7544959808567826,0.24952540179699342,8534.910436168999,measured
legacy-05499cf6b443bf409b59,04_sd21_lora,generation,,0.00028810289992049526,9.528081485590635e-05,7.795611376001034,measured
legacy-523a73b0050bf76a808b,04_sd21_lora,validation,,0.031282348660143,0.010345635784185172,2120.7422568889997,measured
legacy-1986ba15ab4ecb365d96,04_sd21_lora,validation,,0.04718914604671351,0.015606300002277,1084.2089879319974,measured
legacy-7459bcce1a4afc432c59,06_ldm_extra1361_fromscratch,validation,,2.0333083335497828e-05,8.005856787724499e-08,0.16542673599906266,measured
legacy-e66b67c29686986b4358,06_ldm_extra1361_fromscratch,validation,,0.01912486311887806,0.008600909941274316,411.61994162999326,measured
legacy-7a0b61bcb9c2ac0e2496,06_ldm_extra1361_fromscratch,validation,,0.0001868051560770899,8.401076201161318e-05,1.654994679032825,measured
legacy-60cc3cfd40164d8795ca,06_ldm_extra1361_fromscratch,validation,,0.00011405222935018268,5.129202479228156e-05,0.957545997982379,measured
legacy-8833f1a1f6967a49dde7,06_ldm_extra1361_fromscratch,validation,,0.00010066807644133826,4.527285000950441e-05,0.8340336079709232,measured
legacy-f333a7ba97f91e2a3799,06_ldm_extra1361_fromscratch,validation,,0.00014415657617519425,6.483067206381306e-05,1.1963951890356839,measured
legacy-6466a90207b44ee51b48,06_ldm_extra1361_fromscratch,validation,,0.00010002441524691368,4.4983380122503006e-05,0.7754373679636046,measured
legacy-2a9e8542dc174ebb2901,06_ldm_extra1361_fromscratch,validation,,0.00014347554551683296,6.452439623201219e-05,1.278846519999206,measured
legacy-244e04a4840a9e1ad413,06_ldm_extra1361_fromscratch,validation,,4.166318794498546e-05,1.6404276247925822e-07,0.8388907150074374,measured
legacy-1ab3c0e0139324e1d73c,06_ldm_extra1361_fromscratch,validation,,2.2259263404112166e-05,7.361539074481168e-06,0.16346140101086348,measured
legacy-87f70f4b3367575bacd1,06_ldm_extra1361_fromscratch,validation,,4.422095711708895e-05,1.4624666495849422e-05,0.8422353289788589,measured
legacy-8acf57e94364ec0654b4,06_ldm_extra1361_fromscratch,validation,,2.186074202157786e-05,1.852720026457149e-06,0.15930845599996246,measured
legacy-73ab1ca1614918a91068,06_ldm_extra1361_fromscratch,validation,,4.401596202953693e-05,3.7303973605016032e-06,0.8073614099998849,measured
legacy-450cc3dca8b0714d4b63,06_ldm_extra1361_fromscratch,validation,,0.038393910218749994,0.012697557199724561,767.8782043749998,measured
legacy-614b2db3b4f9013aedc5,06_ldm_extra1361_fromscratch,validation,,1.6960223462801554e-06,5.609051183170805e-07,0.16743912499805447,measured
legacy-942f914f8294da9c239d,06_ldm_extra1361_fromscratch,validation,,1.7265270493711977e-06,5.709935727139437e-07,0.6692086670009303,measured
legacy-50fbd7a2bafc1fc1428f,06_ldm_extra1361_fromscratch,generation,,0.09825556553630013,0.032494884123034105,1965.1113107260026,measured
legacy-593d2cd74cfccc9a4d42,06_ldm_extra1361_fromscratch,filtering,,0.0008542808664523627,0.0002825260595913925,62.804000942996936,measured
legacy-c88b17c87ed45651e4eb,06_ldm_extra1361_fromscratch,generation,,0.14258283823954998,0.04715471109690749,2851.6567647909997,measured
legacy-f8c6bf57ec2069915f52,06_ldm_extra1361_fromscratch,filtering,,0.0012423274065213109,0.00010528850590737972,91.08528043799924,measured
legacy-dcde5d4df4dffb87f80a,06_ldm_extra1361_fromscratch,filtering,,0.04344238890834985,0.014367179974991647,868.8477781669972,measured
legacy-d799550148946899dbd4,06_ldm_extra1361_fromscratch,filtering,,3.016024213444975e-06,9.974534958220952e-07,0.10698495900214766,measured
legacy-1a63bdef1fad9fb8e144,06_ldm_extra1361_fromscratch,filtering,,0.00020670101570272495,9.295840758589228e-05,3.440704416949302,measured
legacy-bef35e45ad068a77d78f,06_ldm_extra1361_fromscratch,filtering,,0.021918915150813633,0.00985746219728451,484.3554211719893,measured
legacy-a0fa27757454366122b8,06_ldm_extra1361_fromscratch,filtering,,0.00024066748005547206,0.00010823394180046713,4.2001074950094335,measured
legacy-927570a6d8a4acdc8955,06_ldm_extra1361_fromscratch,generator_training,,1.3754340003607504,0.45488078173130664,27508.680007215007,measured
legacy-cb05831ab31ce4a6d66d,06_ldm_extra1361_fromscratch,generator_training,,1.1792056349401,0.38998452917612,23584.112698801997,measured
legacy-cf59ef521eef71383703,06_ldm_extra1361_fromscratch,generator_training,,1.3754340003607504,0.45488078173130664,27508.680007215007,estimated
legacy-8c65dfae00ec161945f5,06_ldm_extra1361_fromscratch,generator_training,,1.0659417001770353,0.479379565170417,8777.74478239601,measured
legacy-a89ac9e36aa6e415bd91,07_ldm_sdvae_extra1361,validation,,0.0023703706323465316,0.0007839242347883802,169.30880330800028,measured
legacy-53997f48abd62ac23f78,07_ldm_sdvae_extra1361,validation,,2.2044549385049654e-05,7.290529283524852e-06,0.05909637100012333,measured
legacy-62ab6e461267696aa55f,07_ldm_sdvae_extra1361,validation,,4.4055887895103236e-05,1.4570075132892752e-05,0.637990286000786,measured
legacy-4024e359eb2e7705d4f5,07_ldm_sdvae_extra1361,validation,,5.2731383780230164e-05,1.743921778103016e-05,0.4535300669995195,measured
legacy-cae6aee1c92fc60b4ad7,07_ldm_sdvae_extra1361,validation,,9.041567058132351e-05,2.990208974331415e-05,0.8285094509992632,measured
legacy-78ea7cd6a82f9e914ba8,07_ldm_sdvae_extra1361,generation,,0.3897102393079182,0.1288841909234361,8991.79609694,measured
legacy-737a58b4600ea250512c,07_ldm_sdvae_extra1361,filtering,,0.0037833174367292183,0.0012512111760402138,84.93751225400047,measured
legacy-5a2eb3b3042eb6779e22,07_ldm_sdvae_extra1361,filtering,,0.002476309627389981,0.0008189601673511598,53.83319313700122,measured
legacy-511a90d4cd1e11d979f0,07_ldm_sdvae_extra1361,generation,,0.037953576631461046,0.012551930956403534,867.0183649899991,measured
legacy-1290710edac627ff82c0,07_ldm_sdvae_extra1361,filtering,,5.294832762147743e-05,1.7510965014319773e-05,0.06881921199965291,measured
legacy-149430464d209b6d8107,07_ldm_sdvae_extra1361,generation,,0.32848424625401385,0.10863565295263496,7511.96662187,measured
legacy-1afe8228dc1918dc5c7e,07_ldm_sdvae_extra1361,filtering,,0.004692406257158657,0.0015518632125549967,105.83598253599848,measured
legacy-0c5df94395277973d02a,07_ldm_sdvae_extra1361,filtering,,0.002500030770574982,0.000826805176383017,54.076984586001345,measured
legacy-95d39e746f837a943524,07_ldm_sdvae_extra1361,generator_training,,1.0352974696207267,0.34239150855802747,24026.188333913,measured
legacy-1d80777859a4b3eaac2b,08_ldm_v3_sdvae_fromscratch,validation,,0.002082737890712576,0.0006887989097406818,166.9944717000035,measured
legacy-7c445c1923e17a0a4963,08_ldm_v3_sdvae_fromscratch,validation,,2.0218569523233006e-05,6.686644875584574e-06,0.14885755500000641,measured
legacy-af5ca50ed194b1bbb12a,08_ldm_v3_sdvae_fromscratch,validation,,4.1527023741089665e-05,1.3733734237605693e-05,0.8575514609999573,measured
legacy-30160198d89fb69f13c0,08_ldm_v3_sdvae_fromscratch,validation,,2.0300127054386674e-05,6.713617419172653e-06,0.16420626099989022,measured
legacy-f42818f01b18bc5c9426,08_ldm_v3_sdvae_fromscratch,validation,,4.1641650277959806e-05,1.3771643296626311e-05,0.9044732510001268,measured
legacy-48701a5bc74ae1b4fb2b,08_ldm_v3_sdvae_fromscratch,validation,,2.0222004824259187e-05,6.68778099146935e-06,0.14103839300014442,measured
legacy-07291db4e8047ea5cc9f,08_ldm_v3_sdvae_fromscratch,validation,,4.161580491201653e-05,1.3763095768892283e-05,0.869721878999826,measured
legacy-11f29423918223ff50c1,08_ldm_v3_sdvae_fromscratch,validation,,2.0238857746607453e-05,6.693354556242524e-06,0.15096246199982488,measured
legacy-4e35e2bf4aac6761ec70,08_ldm_v3_sdvae_fromscratch,validation,,4.151420613310756e-05,1.3729495223929066e-05,0.8538083729999926,measured
legacy-340963177dc43ef4c58c,08_ldm_v3_sdvae_fromscratch,validation,,2.0223852004543813e-05,6.688391887238721e-06,0.14842905800014705,measured
legacy-e112d3ff70b04e4cd6bf,08_ldm_v3_sdvae_fromscratch,validation,,4.160752691268234e-05,1.3760358085508479e-05,0.8620062029999644,measured
legacy-f4f676acb918d7c8d428,08_ldm_v3_sdvae_fromscratch,validation,,2.0217429601975213e-05,6.686267883106039e-06,0.05280537100043148,measured
legacy-cf0e0ccfb2fe59d7fa3a,08_ldm_v3_sdvae_fromscratch,validation,,0.008721371832821135,0.0028843146498069403,225.3886186210002,measured
legacy-1e12c0a3b1d270ab447b,08_ldm_v3_sdvae_fromscratch,validation,,9.919621916947063e-05,3.280597521128899e-05,1.9176021749990468,measured
legacy-e6db7b1d719722e0c5ce,08_ldm_v3_sdvae_fromscratch,validation,,6.650251922766734e-05,2.199358015393569e-05,0.6639255059999414,measured
legacy-3ae1ac1c4117f761fb89,08_ldm_v3_sdvae_fromscratch,validation,,7.420713520285406e-05,2.454163534001749e-05,1.432682784001372,measured
legacy-e3d5684e2fee6741b1ac,08_ldm_v3_sdvae_fromscratch,validation,,5.727301257616189e-05,1.894121617316311e-05,0.9233086489984998,measured
legacy-3d7da0c987e0e689685d,08_ldm_v3_sdvae_fromscratch,validation,,4.1504483139210335e-05,1.3726279654833364e-05,0.6058998750013416,measured
legacy-5b88485eaa9cca81f6e1,08_ldm_v3_sdvae_fromscratch,validation,,2.0230510767492477e-05,6.690594060003577e-06,0.15374210699974356,measured
legacy-38258e2c931a33df0f5e,08_ldm_v3_sdvae_fromscratch,validation,,4.15570011712583e-05,1.3743648313356205e-05,0.862988994999796,measured
legacy-bc54e5bbba78a72596cc,08_ldm_v3_sdvae_fromscratch,validation,,0.0009062554589918764,0.0002997149928868754,65.37569992300268,measured
legacy-f653f9443d36a0024996,08_ldm_v3_sdvae_fromscratch,validation,,0.0022730668508740017,0.0007517441227873482,182.28047043699996,measured
legacy-82c0951f63245dcc061c,08_ldm_v3_sdvae_fromscratch,validation,,4.1495643328533425e-05,1.3723356170325918e-05,0.7440363030000299,measured
legacy-14b874ccbd74a95c5cf6,08_ldm_v3_sdvae_fromscratch,validation,,4.164952294966335e-05,1.3774246930866765e-05,0.7217982290000009,measured
legacy-0c6fc7642581f32d8fc8,08_ldm_v3_sdvae_fromscratch,generation,,0.13304860376113992,0.04400156813867667,10393.954431156,measured
legacy-904b36f427207dc9dc0d,08_ldm_v3_sdvae_fromscratch,filtering,,2.0225482860105734e-05,6.688931240528448e-06,0.08617071499975282,measured
legacy-855e48390a9bfa5cc218,08_ldm_v3_sdvae_fromscratch,filtering,,0.0007997648933222734,0.00026449664598975563,57.96155996399966,measured
legacy-cacf72ae1704751005b0,08_ldm_v3_sdvae_fromscratch,filtering,,2.0226845474483226e-05,6.689381881630144e-06,0.1437040790001447,measured
legacy-82e219a78ff913795a1f,08_ldm_v3_sdvae_fromscratch,filtering,,0.0008390345280685252,0.0002774838210537665,60.16503786500016,measured
legacy-577a91c1baef5331af20,08_ldm_v3_sdvae_fromscratch,filtering,,0.00191341162027581,0.0006327996642343754,89.15374919199894,measured
legacy-5314639f3785aef19a5d,08_ldm_v3_sdvae_fromscratch,filtering,,0.0032699749461032887,0.0010814395742253875,72.64621075499963,measured
legacy-833712b3add4292eedf5,08_ldm_v3_sdvae_fromscratch,filtering,,0.006142320579709793,0.0020313759774804635,171.67146612800207,measured
legacy-2f9053610aed67a559e8,08_ldm_v3_sdvae_fromscratch,filtering,,0.07089990081795175,0.023447873398711367,1356.1466754190005,measured
legacy-5f62e152f6ecdb804ef2,08_ldm_v3_sdvae_fromscratch,filtering,,0.001088212993111617,0.0003598916246558878,87.7413428309992,measured
legacy-c96ec884517d69c94677,08_ldm_v3_sdvae_fromscratch,filtering,,0.00081741218965124,0.0002703329245370788,58.38465942100083,measured
legacy-1d5093395ce1e81c1622,08_ldm_v3_sdvae_fromscratch,generation,,0.07868399745870255,0.026022214271547193,6107.423306520002,measured
legacy-9c7e75506eab8231706a,08_ldm_v3_sdvae_fromscratch,generation,,0.05344680224330434,0.017675819544301124,4301.732863153,measured
legacy-950cb5ce4c402b0a448a,08_ldm_v3_sdvae_fromscratch,filtering,,0.0025923770293528694,0.0008573457463935223,169.64523539400034,measured
legacy-330afa80122b54b062bb,08_ldm_v3_sdvae_fromscratch,filtering,,0.0008775377046647371,0.00029021751461131255,61.8603234000002,measured
legacy-b019c71f91d5c2c5a92e,08_ldm_v3_sdvae_fromscratch,filtering,,2.0226792259717536e-05,6.689364282549264e-06,0.08684454900003402,measured
legacy-a6dd7caaebc1bba74aa4,08_ldm_v3_sdvae_fromscratch,filtering,,2.023060112133232e-05,6.690623941644783e-06,0.08934949399963443,measured
legacy-63ada2f2660a1bcbb6cf,08_ldm_v3_sdvae_fromscratch,generator_training,,0.3063300528458747,0.101308862417082,24801.037223117,measured
legacy-ca3a0b8301f437098e6d,08_ldm_v3_sdvae_fromscratch_sampling_st100_08011d0b6145,validation,,0.0001246514755952523,4.122448670591065e-05,5.736975147000521,measured
legacy-fb4986295fe46dc4d135,08_ldm_v3_sdvae_fromscratch_sampling_st100_08011d0b6145,validation,,2.022009921271696e-05,6.687150771431328e-06,0.14247458800036839,measured
legacy-7762f391fd54be91de51,08_ldm_v3_sdvae_fromscratch_sampling_st100_08011d0b6145,validation,,2.0218779961096612e-05,6.68671447117395e-06,0.47080034900045575,measured
legacy-3df61d0b77f90e91820f,08_ldm_v3_sdvae_fromscratch_sampling_st25_2058ec8ae46d,validation,,0.000124697282402681,4.1239635841649856e-05,6.6007661510002436,measured
legacy-c19dbfabe741d7fcde04,08_ldm_v3_sdvae_fromscratch_sampling_st25_2058ec8ae46d,validation,,2.023755588831868e-05,6.692924008272977e-06,0.14408375099992554,measured
legacy-af9c38c209c5766f794a,08_ldm_v3_sdvae_fromscratch_sampling_st25_2058ec8ae46d,validation,,4.1447320605216107e-05,1.370737497591586e-05,0.49834221799983425,measured
legacy-016cdca4de9c570bc2e1,08_ldm_v3_sdvae_fromscratch_sampling_st50_fee56a99e979,validation,,0.0001089907804274468,3.604521292140435e-05,5.817543639000178,measured
legacy-8310d035dfd3e3440620,08_ldm_v3_sdvae_fromscratch_sampling_st50_fee56a99e979,validation,,2.0221147645737062e-05,6.68749750710287e-06,0.14572768499965605,measured
legacy-086643ef0cdd93dd9316,08_ldm_v3_sdvae_fromscratch_sampling_st50_fee56a99e979,validation,,2.021902158954717e-05,6.6867943820518615e-06,0.46520105799936573,measured
legacy-13258a04f9e73f1b7c00,08_ldm_v3_sdvae_fromscratch_sampling_st75_ece830e86b27,validation,,0.00011463326629136613,3.7911284561348026e-05,5.619484992999787,measured
legacy-96a67a8c7f94f6115c27,08_ldm_v3_sdvae_fromscratch_sampling_st75_ece830e86b27,validation,,2.0218612091552057e-05,6.6866589536939135e-06,0.14360396299980493,measured
legacy-854e34d94c819ee9cef5,08_ldm_v3_sdvae_fromscratch_sampling_st75_ece830e86b27,validation,,2.0221927066692658e-05,6.687755275642463e-06,0.4758578179998949,measured
legacy-8a59cd47fcf292abe895,01_rsna_512_gray_mlo,preprocessing,,2.2601916718524603e-05,7.47486069331702e-06,24.089116118000675,measured
legacy-9af5ba3e40e690d4914a,02_data_augmentation,preprocessing,,2.2311160194211314e-05,7.378702277109177e-06,24.45505314699949,measured
